variable,mae,rmse,bias,r,r2
temperature,0.021354599,0.029259607,-4.429837e-06,0.95934445,0.9203418269753456
