variable,mae,rmse,bias,r,r2
temperature,0.021354599,0.029259607,-4.429837e-06,0.95934445,0.9203418269753456
rainfall,0.0018390727927908,0.009035401046276,3.138569582006312e-07,0.2456319779157638,0.0603367090225219
radiation,0.0054425247944891,0.0220342278480529,2.506563532733708e-06,0.7530069351196289,0.5670210123062134
pressure,0.005095929838716984,0.011454527266323566,-2.753539774857927e-06,0.9971743226051331,0.9943573265336454
