variable,n_neighbors,n_features,train_size,test_size,n_samples,mae,rmse,bias,r,r2,mean_observed,mean_predicted,std_observed,std_predicted
temperature,20,60,42315859,28210573,28210573,0.0213772327556526,0.0293998411687121,-2.9261046427230065e-05,0.959758082060192,0.9211269762674188,0.6057044347873638,0.605675173740938,0.1046841036730257,0.1007770075692455
humidity,20,60,41217061,27478042,27478042,0.0736486736723435,0.0999048759989216,-0.0001597784824709,0.894013068844971,0.799238287852227,0.6903121518292767,0.6901523733468072,0.2229699003211532,0.2003491655772125
radiation,20,60,41321552,27547702,27547702,0.004224181017840197,0.007839662315188473,0.0002191481530677495,0.9279471883686051,0.860967775280843,0.015095083012956381,0.015314231166024102,0.021025175047260397,0.019445218442962067
