variable,mae,rmse,bias,r,r2
temperature,0.021354599,0.029259607,-4.429837e-06,0.95934445,0.9203418269753456
rainfall,0.0018390727927908301,0.009035401046276093,3.138569582006312e-07,0.24563197791576385,0.06033670902252197
