variable,mae,rmse,bias,r,r2
temperature,0.0183883,0.02524223,-0.0005556519,0.96991867,0.940714456140995
