variable,mae,rmse,bias,r,r2
temperature,0.033960275,0.047011122,0.0014428737,0.89702886,0.7943661510944366
rainfall,0.001970478566363454,0.013268868438899517,0.00020233780378475785,0.15119051933288574,-1.0264933109283447
