variable,mae,rmse,bias,r,r2
temperature,0.033960275,0.047011122,0.0014428737,0.89702886,0.7943661510944366
